USE QLKTX;
GO

-- Initial Data
--------------------------------------------------------------
INSERT [dbo].[Toa] ([TenToa], [SLPhong]) VALUES (N'D01', 100)
INSERT [dbo].[Toa] ([TenToa], [SLPhong]) VALUES (N'D02', 100)
GO

INSERT [dbo].[LoaiPhong] ([MaLoai], [TenLoai]) VALUES (1, N'Nam')
INSERT [dbo].[LoaiPhong] ([MaLoai], [TenLoai]) VALUES (2, N'Nữ')
GO

INSERT [dbo].[Phong] ([MaPhong], [SucChuaSV], [SLDangO], [MaLoai], [TenToa]) VALUES (N'D01-101', 4, 2, 1, N'D01')
INSERT [dbo].[Phong] ([MaPhong], [SucChuaSV], [SLDangO], [MaLoai], [TenToa]) VALUES (N'D01-102', 4, 2, 1, N'D01')
INSERT [dbo].[Phong] ([MaPhong], [SucChuaSV], [SLDangO], [MaLoai], [TenToa]) VALUES (N'D01-103', 4, 0, 1, N'D01')
INSERT [dbo].[Phong] ([MaPhong], [SucChuaSV], [SLDangO], [MaLoai], [TenToa]) VALUES (N'D01-104', 4, 0, 1, N'D01')
INSERT [dbo].[Phong] ([MaPhong], [SucChuaSV], [SLDangO], [MaLoai], [TenToa]) VALUES (N'D01-105', 4, 0, 1, N'D01')
INSERT [dbo].[Phong] ([MaPhong], [SucChuaSV], [SLDangO], [MaLoai], [TenToa]) VALUES (N'D01-106', 4, 0, 1, N'D01')
INSERT [dbo].[Phong] ([MaPhong], [SucChuaSV], [SLDangO], [MaLoai], [TenToa]) VALUES (N'D01-107', 4, 0, 1, N'D01')
INSERT [dbo].[Phong] ([MaPhong], [SucChuaSV], [SLDangO], [MaLoai], [TenToa]) VALUES (N'D01-108', 4, 0, 1, N'D01')
INSERT [dbo].[Phong] ([MaPhong], [SucChuaSV], [SLDangO], [MaLoai], [TenToa]) VALUES (N'D01-109', 4, 0, 1, N'D01')
INSERT [dbo].[Phong] ([MaPhong], [SucChuaSV], [SLDangO], [MaLoai], [TenToa]) VALUES (N'D01-110', 4, 0, 1, N'D01')
INSERT [dbo].[Phong] ([MaPhong], [SucChuaSV], [SLDangO], [MaLoai], [TenToa]) VALUES (N'D01-201', 4, 0, 1, N'D01')
INSERT [dbo].[Phong] ([MaPhong], [SucChuaSV], [SLDangO], [MaLoai], [TenToa]) VALUES (N'D01-202', 4, 0, 1, N'D01')
INSERT [dbo].[Phong] ([MaPhong], [SucChuaSV], [SLDangO], [MaLoai], [TenToa]) VALUES (N'D01-203', 4, 0, 1, N'D01')
INSERT [dbo].[Phong] ([MaPhong], [SucChuaSV], [SLDangO], [MaLoai], [TenToa]) VALUES (N'D01-204', 4, 0, 1, N'D01')
INSERT [dbo].[Phong] ([MaPhong], [SucChuaSV], [SLDangO], [MaLoai], [TenToa]) VALUES (N'D01-205', 4, 0, 1, N'D01')
INSERT [dbo].[Phong] ([MaPhong], [SucChuaSV], [SLDangO], [MaLoai], [TenToa]) VALUES (N'D01-206', 4, 0, 1, N'D01')
INSERT [dbo].[Phong] ([MaPhong], [SucChuaSV], [SLDangO], [MaLoai], [TenToa]) VALUES (N'D01-207', 4, 0, 1, N'D01')
INSERT [dbo].[Phong] ([MaPhong], [SucChuaSV], [SLDangO], [MaLoai], [TenToa]) VALUES (N'D01-208', 4, 0, 1, N'D01')
INSERT [dbo].[Phong] ([MaPhong], [SucChuaSV], [SLDangO], [MaLoai], [TenToa]) VALUES (N'D01-209', 4, 0, 1, N'D01')
INSERT [dbo].[Phong] ([MaPhong], [SucChuaSV], [SLDangO], [MaLoai], [TenToa]) VALUES (N'D01-210', 4, 0, 1, N'D01')
INSERT [dbo].[Phong] ([MaPhong], [SucChuaSV], [SLDangO], [MaLoai], [TenToa]) VALUES (N'D01-301', 4, 0, 1, N'D01')
INSERT [dbo].[Phong] ([MaPhong], [SucChuaSV], [SLDangO], [MaLoai], [TenToa]) VALUES (N'D01-302', 4, 0, 1, N'D01')
INSERT [dbo].[Phong] ([MaPhong], [SucChuaSV], [SLDangO], [MaLoai], [TenToa]) VALUES (N'D01-303', 4, 0, 1, N'D01')
INSERT [dbo].[Phong] ([MaPhong], [SucChuaSV], [SLDangO], [MaLoai], [TenToa]) VALUES (N'D01-304', 4, 0, 1, N'D01')
INSERT [dbo].[Phong] ([MaPhong], [SucChuaSV], [SLDangO], [MaLoai], [TenToa]) VALUES (N'D01-305', 4, 0, 1, N'D01')
INSERT [dbo].[Phong] ([MaPhong], [SucChuaSV], [SLDangO], [MaLoai], [TenToa]) VALUES (N'D01-306', 4, 0, 1, N'D01')
INSERT [dbo].[Phong] ([MaPhong], [SucChuaSV], [SLDangO], [MaLoai], [TenToa]) VALUES (N'D01-307', 4, 0, 1, N'D01')
INSERT [dbo].[Phong] ([MaPhong], [SucChuaSV], [SLDangO], [MaLoai], [TenToa]) VALUES (N'D01-308', 4, 0, 1, N'D01')
INSERT [dbo].[Phong] ([MaPhong], [SucChuaSV], [SLDangO], [MaLoai], [TenToa]) VALUES (N'D01-309', 4, 0, 1, N'D01')
INSERT [dbo].[Phong] ([MaPhong], [SucChuaSV], [SLDangO], [MaLoai], [TenToa]) VALUES (N'D01-310', 4, 0, 1, N'D01')
INSERT [dbo].[Phong] ([MaPhong], [SucChuaSV], [SLDangO], [MaLoai], [TenToa]) VALUES (N'D01-401', 4, 0, 1, N'D01')
INSERT [dbo].[Phong] ([MaPhong], [SucChuaSV], [SLDangO], [MaLoai], [TenToa]) VALUES (N'D01-402', 4, 0, 1, N'D01')
INSERT [dbo].[Phong] ([MaPhong], [SucChuaSV], [SLDangO], [MaLoai], [TenToa]) VALUES (N'D01-403', 4, 0, 1, N'D01')
INSERT [dbo].[Phong] ([MaPhong], [SucChuaSV], [SLDangO], [MaLoai], [TenToa]) VALUES (N'D01-404', 4, 0, 1, N'D01')
INSERT [dbo].[Phong] ([MaPhong], [SucChuaSV], [SLDangO], [MaLoai], [TenToa]) VALUES (N'D01-405', 4, 0, 1, N'D01')
INSERT [dbo].[Phong] ([MaPhong], [SucChuaSV], [SLDangO], [MaLoai], [TenToa]) VALUES (N'D01-406', 4, 0, 1, N'D01')
INSERT [dbo].[Phong] ([MaPhong], [SucChuaSV], [SLDangO], [MaLoai], [TenToa]) VALUES (N'D01-407', 4, 0, 1, N'D01')
INSERT [dbo].[Phong] ([MaPhong], [SucChuaSV], [SLDangO], [MaLoai], [TenToa]) VALUES (N'D01-408', 4, 0, 1, N'D01')
INSERT [dbo].[Phong] ([MaPhong], [SucChuaSV], [SLDangO], [MaLoai], [TenToa]) VALUES (N'D01-409', 4, 0, 1, N'D01')
INSERT [dbo].[Phong] ([MaPhong], [SucChuaSV], [SLDangO], [MaLoai], [TenToa]) VALUES (N'D01-410', 4, 0, 1, N'D01')
INSERT [dbo].[Phong] ([MaPhong], [SucChuaSV], [SLDangO], [MaLoai], [TenToa]) VALUES (N'D01-501', 4, 0, 1, N'D01')
INSERT [dbo].[Phong] ([MaPhong], [SucChuaSV], [SLDangO], [MaLoai], [TenToa]) VALUES (N'D01-502', 4, 0, 1, N'D01')
INSERT [dbo].[Phong] ([MaPhong], [SucChuaSV], [SLDangO], [MaLoai], [TenToa]) VALUES (N'D01-503', 4, 0, 1, N'D01')
INSERT [dbo].[Phong] ([MaPhong], [SucChuaSV], [SLDangO], [MaLoai], [TenToa]) VALUES (N'D01-504', 4, 0, 1, N'D01')
INSERT [dbo].[Phong] ([MaPhong], [SucChuaSV], [SLDangO], [MaLoai], [TenToa]) VALUES (N'D01-505', 4, 0, 1, N'D01')
INSERT [dbo].[Phong] ([MaPhong], [SucChuaSV], [SLDangO], [MaLoai], [TenToa]) VALUES (N'D01-506', 4, 0, 1, N'D01')
INSERT [dbo].[Phong] ([MaPhong], [SucChuaSV], [SLDangO], [MaLoai], [TenToa]) VALUES (N'D01-507', 4, 0, 1, N'D01')
INSERT [dbo].[Phong] ([MaPhong], [SucChuaSV], [SLDangO], [MaLoai], [TenToa]) VALUES (N'D01-508', 4, 0, 1, N'D01')
INSERT [dbo].[Phong] ([MaPhong], [SucChuaSV], [SLDangO], [MaLoai], [TenToa]) VALUES (N'D01-509', 4, 0, 1, N'D01')
INSERT [dbo].[Phong] ([MaPhong], [SucChuaSV], [SLDangO], [MaLoai], [TenToa]) VALUES (N'D01-510', 4, 0, 1, N'D01')
GO

INSERT [dbo].[Phong] ([MaPhong], [SucChuaSV], [SLDangO], [MaLoai], [TenToa]) VALUES (N'D02-101', 4, 0, 2, N'D02')
INSERT [dbo].[Phong] ([MaPhong], [SucChuaSV], [SLDangO], [MaLoai], [TenToa]) VALUES (N'D02-102', 4, 0, 2, N'D02')
INSERT [dbo].[Phong] ([MaPhong], [SucChuaSV], [SLDangO], [MaLoai], [TenToa]) VALUES (N'D02-103', 4, 0, 2, N'D02')
INSERT [dbo].[Phong] ([MaPhong], [SucChuaSV], [SLDangO], [MaLoai], [TenToa]) VALUES (N'D02-104', 4, 0, 2, N'D02')
INSERT [dbo].[Phong] ([MaPhong], [SucChuaSV], [SLDangO], [MaLoai], [TenToa]) VALUES (N'D02-105', 4, 0, 2, N'D02')
INSERT [dbo].[Phong] ([MaPhong], [SucChuaSV], [SLDangO], [MaLoai], [TenToa]) VALUES (N'D02-106', 4, 0, 2, N'D02')
INSERT [dbo].[Phong] ([MaPhong], [SucChuaSV], [SLDangO], [MaLoai], [TenToa]) VALUES (N'D02-107', 4, 0, 2, N'D02')
INSERT [dbo].[Phong] ([MaPhong], [SucChuaSV], [SLDangO], [MaLoai], [TenToa]) VALUES (N'D02-108', 4, 0, 2, N'D02')
INSERT [dbo].[Phong] ([MaPhong], [SucChuaSV], [SLDangO], [MaLoai], [TenToa]) VALUES (N'D02-109', 4, 0, 2, N'D02')
INSERT [dbo].[Phong] ([MaPhong], [SucChuaSV], [SLDangO], [MaLoai], [TenToa]) VALUES (N'D02-110', 4, 0, 2, N'D02')
INSERT [dbo].[Phong] ([MaPhong], [SucChuaSV], [SLDangO], [MaLoai], [TenToa]) VALUES (N'D02-201', 4, 0, 2, N'D02')
INSERT [dbo].[Phong] ([MaPhong], [SucChuaSV], [SLDangO], [MaLoai], [TenToa]) VALUES (N'D02-202', 4, 0, 2, N'D02')
INSERT [dbo].[Phong] ([MaPhong], [SucChuaSV], [SLDangO], [MaLoai], [TenToa]) VALUES (N'D02-203', 4, 0, 2, N'D02')
INSERT [dbo].[Phong] ([MaPhong], [SucChuaSV], [SLDangO], [MaLoai], [TenToa]) VALUES (N'D02-204', 4, 0, 2, N'D02')
INSERT [dbo].[Phong] ([MaPhong], [SucChuaSV], [SLDangO], [MaLoai], [TenToa]) VALUES (N'D02-205', 4, 0, 2, N'D02')
INSERT [dbo].[Phong] ([MaPhong], [SucChuaSV], [SLDangO], [MaLoai], [TenToa]) VALUES (N'D02-206', 4, 0, 2, N'D02')
INSERT [dbo].[Phong] ([MaPhong], [SucChuaSV], [SLDangO], [MaLoai], [TenToa]) VALUES (N'D02-207', 4, 0, 2, N'D02')
INSERT [dbo].[Phong] ([MaPhong], [SucChuaSV], [SLDangO], [MaLoai], [TenToa]) VALUES (N'D02-208', 4, 0, 2, N'D02')
INSERT [dbo].[Phong] ([MaPhong], [SucChuaSV], [SLDangO], [MaLoai], [TenToa]) VALUES (N'D02-209', 4, 0, 2, N'D02')
INSERT [dbo].[Phong] ([MaPhong], [SucChuaSV], [SLDangO], [MaLoai], [TenToa]) VALUES (N'D02-210', 4, 0, 2, N'D02')
INSERT [dbo].[Phong] ([MaPhong], [SucChuaSV], [SLDangO], [MaLoai], [TenToa]) VALUES (N'D02-301', 4, 0, 2, N'D02')
INSERT [dbo].[Phong] ([MaPhong], [SucChuaSV], [SLDangO], [MaLoai], [TenToa]) VALUES (N'D02-302', 4, 0, 2, N'D02')
INSERT [dbo].[Phong] ([MaPhong], [SucChuaSV], [SLDangO], [MaLoai], [TenToa]) VALUES (N'D02-303', 4, 0, 2, N'D02')
INSERT [dbo].[Phong] ([MaPhong], [SucChuaSV], [SLDangO], [MaLoai], [TenToa]) VALUES (N'D02-304', 4, 0, 2, N'D02')
INSERT [dbo].[Phong] ([MaPhong], [SucChuaSV], [SLDangO], [MaLoai], [TenToa]) VALUES (N'D02-305', 4, 0, 2, N'D02')
INSERT [dbo].[Phong] ([MaPhong], [SucChuaSV], [SLDangO], [MaLoai], [TenToa]) VALUES (N'D02-306', 4, 0, 2, N'D02')
INSERT [dbo].[Phong] ([MaPhong], [SucChuaSV], [SLDangO], [MaLoai], [TenToa]) VALUES (N'D02-307', 4, 0, 2, N'D02')
INSERT [dbo].[Phong] ([MaPhong], [SucChuaSV], [SLDangO], [MaLoai], [TenToa]) VALUES (N'D02-308', 4, 0, 2, N'D02')
INSERT [dbo].[Phong] ([MaPhong], [SucChuaSV], [SLDangO], [MaLoai], [TenToa]) VALUES (N'D02-309', 4, 0, 2, N'D02')
INSERT [dbo].[Phong] ([MaPhong], [SucChuaSV], [SLDangO], [MaLoai], [TenToa]) VALUES (N'D02-310', 4, 0, 2, N'D02')
INSERT [dbo].[Phong] ([MaPhong], [SucChuaSV], [SLDangO], [MaLoai], [TenToa]) VALUES (N'D02-401', 4, 0, 2, N'D02')
INSERT [dbo].[Phong] ([MaPhong], [SucChuaSV], [SLDangO], [MaLoai], [TenToa]) VALUES (N'D02-402', 4, 0, 2, N'D02')
INSERT [dbo].[Phong] ([MaPhong], [SucChuaSV], [SLDangO], [MaLoai], [TenToa]) VALUES (N'D02-403', 4, 0, 2, N'D02')
INSERT [dbo].[Phong] ([MaPhong], [SucChuaSV], [SLDangO], [MaLoai], [TenToa]) VALUES (N'D02-404', 4, 0, 2, N'D02')
INSERT [dbo].[Phong] ([MaPhong], [SucChuaSV], [SLDangO], [MaLoai], [TenToa]) VALUES (N'D02-405', 4, 0, 2, N'D02')
INSERT [dbo].[Phong] ([MaPhong], [SucChuaSV], [SLDangO], [MaLoai], [TenToa]) VALUES (N'D02-406', 4, 0, 2, N'D02')
INSERT [dbo].[Phong] ([MaPhong], [SucChuaSV], [SLDangO], [MaLoai], [TenToa]) VALUES (N'D02-407', 4, 0, 2, N'D02')
INSERT [dbo].[Phong] ([MaPhong], [SucChuaSV], [SLDangO], [MaLoai], [TenToa]) VALUES (N'D02-408', 4, 0, 2, N'D02')
INSERT [dbo].[Phong] ([MaPhong], [SucChuaSV], [SLDangO], [MaLoai], [TenToa]) VALUES (N'D02-409', 4, 0, 2, N'D02')
INSERT [dbo].[Phong] ([MaPhong], [SucChuaSV], [SLDangO], [MaLoai], [TenToa]) VALUES (N'D02-410', 4, 0, 2, N'D02')
INSERT [dbo].[Phong] ([MaPhong], [SucChuaSV], [SLDangO], [MaLoai], [TenToa]) VALUES (N'D02-501', 4, 0, 2, N'D02')
INSERT [dbo].[Phong] ([MaPhong], [SucChuaSV], [SLDangO], [MaLoai], [TenToa]) VALUES (N'D02-502', 4, 0, 2, N'D02')
INSERT [dbo].[Phong] ([MaPhong], [SucChuaSV], [SLDangO], [MaLoai], [TenToa]) VALUES (N'D02-503', 4, 0, 2, N'D02')
INSERT [dbo].[Phong] ([MaPhong], [SucChuaSV], [SLDangO], [MaLoai], [TenToa]) VALUES (N'D02-504', 4, 0, 2, N'D02')
INSERT [dbo].[Phong] ([MaPhong], [SucChuaSV], [SLDangO], [MaLoai], [TenToa]) VALUES (N'D02-505', 4, 0, 2, N'D02')
INSERT [dbo].[Phong] ([MaPhong], [SucChuaSV], [SLDangO], [MaLoai], [TenToa]) VALUES (N'D02-506', 4, 0, 2, N'D02')
INSERT [dbo].[Phong] ([MaPhong], [SucChuaSV], [SLDangO], [MaLoai], [TenToa]) VALUES (N'D02-507', 4, 0, 2, N'D02')
INSERT [dbo].[Phong] ([MaPhong], [SucChuaSV], [SLDangO], [MaLoai], [TenToa]) VALUES (N'D02-508', 4, 0, 2, N'D02')
INSERT [dbo].[Phong] ([MaPhong], [SucChuaSV], [SLDangO], [MaLoai], [TenToa]) VALUES (N'D02-509', 4, 0, 2, N'D02')
INSERT [dbo].[Phong] ([MaPhong], [SucChuaSV], [SLDangO], [MaLoai], [TenToa]) VALUES (N'D02-510', 4, 0, 2, N'D02')
GO

INSERT [dbo].[SinhVien] ([MaSV], [CMND], [HoTen], [GioiTinh], [NgaySinh], [DiaChi], [DienThoai], [MaPhong]) VALUES (N'17119115', N'100010111', N'Nguyễn Thành Lanh', N'Nam', CAST(N'1998-01-27' AS Date), N'Đà Lạt', N'0635214569', N'D01-305')
INSERT [dbo].[SinhVien] ([MaSV], [CMND], [HoTen], [GioiTinh], [NgaySinh], [DiaChi], [DienThoai], [MaPhong]) VALUES (N'17145156', N'100011011', N'Nguyễn Trần Thành Công', N'Nam', CAST(N'1998-06-16' AS Date), N'Quảng Ngãi', N'0365236598', N'D01-305')
INSERT [dbo].[SinhVien] ([MaSV], [CMND], [HoTen], [GioiTinh], [NgaySinh], [DiaChi], [DienThoai], [MaPhong]) VALUES (N'18109156', N'100101101', N'Trần Kim Ngân', N'Nữ', CAST(N'1999-06-15' AS Date), N'Bình Thuận', N'0325698654', N'D02-303')
INSERT [dbo].[SinhVien] ([MaSV], [CMND], [HoTen], [GioiTinh], [NgaySinh], [DiaChi], [DienThoai], [MaPhong]) VALUES (N'18116102', N'100110101', N'Nguyễn Thị Ngọc Lan', N'Nữ', CAST(N'1999-07-15' AS Date), N'Đồng Nai', N'0965841236', N'D02-302')
INSERT [dbo].[SinhVien] ([MaSV], [CMND], [HoTen], [GioiTinh], [NgaySinh], [DiaChi], [DienThoai], [MaPhong]) VALUES (N'18124159', N'100111000', N'Trần Thị Thu Hà', N'Nữ', CAST(N'1999-10-20' AS Date), N'Nghệ An', N'0698532659', N'D02-303')
INSERT [dbo].[SinhVien] ([MaSV], [CMND], [HoTen], [GioiTinh], [NgaySinh], [DiaChi], [DienThoai], [MaPhong]) VALUES (N'18125365', N'100100001', N'Nguyễn Nam Phương', N'Nam', CAST(N'1999-07-15' AS Date), N'Vũng Tàu', N'0369658654', N'D01-301')
INSERT [dbo].[SinhVien] ([MaSV], [CMND], [HoTen], [GioiTinh], [NgaySinh], [DiaChi], [DienThoai], [MaPhong]) VALUES (N'18147153', N'100010101', N'Dương Minh Hiếu', N'Nam', CAST(N'1999-02-23' AS Date), N'Đà lạt', N'0158745632', N'D01-304')
INSERT [dbo].[SinhVien] ([MaSV], [CMND], [HoTen], [GioiTinh], [NgaySinh], [DiaChi], [DienThoai], [MaPhong]) VALUES (N'18151365', N'100100011', N'Võ Văn Lộc', N'Nam', CAST(N'1999-08-10' AS Date), N'Lâm Đồng', N'0326589645', N'D01-301')
INSERT [dbo].[SinhVien] ([MaSV], [CMND], [HoTen], [GioiTinh], [NgaySinh], [DiaChi], [DienThoai], [MaPhong]) VALUES (N'19106150', N'100111111', N'Lê Thị Thanh Nga', N'Nữ', CAST(N'2001-07-09' AS Date), N'Nghệ An', N'0965874563', N'D02-305')
INSERT [dbo].[SinhVien] ([MaSV], [CMND], [HoTen], [GioiTinh], [NgaySinh], [DiaChi], [DienThoai], [MaPhong]) VALUES (N'19109112', N'100111101', N'Nguyễn Thị Bích Huyền', N'Nữ', CAST(N'2023-05-18' AS Date), N'Bình Phước ', N'0965846523', N'D02-304')
INSERT [dbo].[SinhVien] ([MaSV], [CMND], [HoTen], [GioiTinh], [NgaySinh], [DiaChi], [DienThoai], [MaPhong]) VALUES (N'19110031', N'215512158', N'Nguyễn Hoàng Nhật', N'Nam', CAST(N'2001-02-04' AS Date), N'Bình Định', N'0762539444', N'D01-101')
INSERT [dbo].[SinhVien] ([MaSV], [CMND], [HoTen], [GioiTinh], [NgaySinh], [DiaChi], [DienThoai], [MaPhong]) VALUES (N'19110220', N'658569856', N'Bùi Lê Quốc Hưng', N'Nam', CAST(N'2001-09-09' AS Date), N'Quảng Ngãi', N'0987568564', N'D01-102')
INSERT [dbo].[SinhVien] ([MaSV], [CMND], [HoTen], [GioiTinh], [NgaySinh], [DiaChi], [DienThoai], [MaPhong]) VALUES (N'19110255', N'325658568', N'Nguyễn Minh Nhật', N'Nam', CAST(N'2001-11-24' AS Date), N'Kon Tum', N'0785965877', N'D01-102')
INSERT [dbo].[SinhVien] ([MaSV], [CMND], [HoTen], [GioiTinh], [NgaySinh], [DiaChi], [DienThoai], [MaPhong]) VALUES (N'19110276', N'221521676', N'Phan Thanh Sang', N'Nam', CAST(N'2001-06-17' AS Date), N'Phú Yên', N'0327285263', N'D01-101')
INSERT [dbo].[SinhVien] ([MaSV], [CMND], [HoTen], [GioiTinh], [NgaySinh], [DiaChi], [DienThoai], [MaPhong]) VALUES (N'19116111', N'101000011', N'Nguyễn Khánh Vy', N'Nữ', CAST(N'2001-08-23' AS Date), N'Gia Lai', N'0965842364', N'D02-303')
INSERT [dbo].[SinhVien] ([MaSV], [CMND], [HoTen], [GioiTinh], [NgaySinh], [DiaChi], [DienThoai], [MaPhong]) VALUES (N'19119122', N'272736334', N'Đỗ Minh Quân', N'Nam', CAST(N'2001-01-28' AS Date), N'Đồng Nai', N'0965809465', N'D01-101')
INSERT [dbo].[SinhVien] ([MaSV], [CMND], [HoTen], [GioiTinh], [NgaySinh], [DiaChi], [DienThoai], [MaPhong]) VALUES (N'19125123', N'100101001', N'Nguyễn Thị Hồng Thịnh', N'Nữ', CAST(N'2001-04-01' AS Date), N'Đồng Nai', N'0365241587', N'D02-301')
INSERT [dbo].[SinhVien] ([MaSV], [CMND], [HoTen], [GioiTinh], [NgaySinh], [DiaChi], [DienThoai], [MaPhong]) VALUES (N'19125124', N'100100101', N'Phan Trọng Hoàng', N'Nam', CAST(N'2001-01-21' AS Date), N'Đồng Nai', N'0365258796', N'D01-304')
INSERT [dbo].[SinhVien] ([MaSV], [CMND], [HoTen], [GioiTinh], [NgaySinh], [DiaChi], [DienThoai], [MaPhong]) VALUES (N'19147563', N'100101011', N'Nguyễn Thị Dung', N'Nữ', CAST(N'2021-05-18' AS Date), N'Vũng Tàu', N'0321458756', N'D02-302')
INSERT [dbo].[SinhVien] ([MaSV], [CMND], [HoTen], [GioiTinh], [NgaySinh], [DiaChi], [DienThoai], [MaPhong]) VALUES (N'19151216', N'100100111', N'Trần Hoàng Ân', N'Nam', CAST(N'2001-02-01' AS Date), N'Bình Thuận', N'0365326985', N'D01-303')
INSERT [dbo].[SinhVien] ([MaSV], [CMND], [HoTen], [GioiTinh], [NgaySinh], [DiaChi], [DienThoai], [MaPhong]) VALUES (N'19151317', N'100011101', N'Dương Hoàng Nam', N'Nam', CAST(N'2001-05-04' AS Date), N'Đồng Nai', N'0965865421', N'D01-302')
INSERT [dbo].[SinhVien] ([MaSV], [CMND], [HoTen], [GioiTinh], [NgaySinh], [DiaChi], [DienThoai], [MaPhong]) VALUES (N'19154034', N'100011111', N'Nguyễn Đăng Khoa', N'Nam', CAST(N'2001-06-04' AS Date), N'Đồng nai', N'0369658214', N'D01-302')
INSERT [dbo].[SinhVien] ([MaSV], [CMND], [HoTen], [GioiTinh], [NgaySinh], [DiaChi], [DienThoai], [MaPhong]) VALUES (N'20109145', N'100101111', N'Lê Như', N'Nữ', CAST(N'2002-06-11' AS Date), N'Vũng Tàu', N'0365258963', N'D02-304')
INSERT [dbo].[SinhVien] ([MaSV], [CMND], [HoTen], [GioiTinh], [NgaySinh], [DiaChi], [DienThoai], [MaPhong]) VALUES (N'20110115', N'100110011', N'Nguyễn Thị Ngọc Bích', N'Nữ', CAST(N'2002-03-02' AS Date), N'Nghệ An', N'0965823654', N'D02-301')
INSERT [dbo].[SinhVien] ([MaSV], [CMND], [HoTen], [GioiTinh], [NgaySinh], [DiaChi], [DienThoai], [MaPhong]) VALUES (N'20116200', N'101000101', N'Lê Thị Bích Ly', N'Nữ', CAST(N'2002-01-01' AS Date), N'Quãng Ngãi', N'0965841234', N'D02-304')
INSERT [dbo].[SinhVien] ([MaSV], [CMND], [HoTen], [GioiTinh], [NgaySinh], [DiaChi], [DienThoai], [MaPhong]) VALUES (N'20124222', N'101001001', N'Hoàng hà Anh', N'Nữ', CAST(N'2002-06-02' AS Date), N'Lâm Đồng', N'0965845216', N'D02-302')
INSERT [dbo].[SinhVien] ([MaSV], [CMND], [HoTen], [GioiTinh], [NgaySinh], [DiaChi], [DienThoai], [MaPhong]) VALUES (N'20125115', N'101000111', N'Lê Nguyễn Thuc Quyên', N'Nữ', CAST(N'2002-03-06' AS Date), N'TP.Hồ Chí Minh', N'0936521456', N'D02-304')
INSERT [dbo].[SinhVien] ([MaSV], [CMND], [HoTen], [GioiTinh], [NgaySinh], [DiaChi], [DienThoai], [MaPhong]) VALUES (N'20125140', N'100111011', N'Nguyễn Thị Bích Trâm', N'Nữ', CAST(N'2002-08-06' AS Date), N'Đồng Nai', N'0965841226', N'D02-305')
INSERT [dbo].[SinhVien] ([MaSV], [CMND], [HoTen], [GioiTinh], [NgaySinh], [DiaChi], [DienThoai], [MaPhong]) VALUES (N'20145138', N'100111001', N'Đỗ Hồng Phúc', N'Nữ', CAST(N'2002-03-20' AS Date), N'Quãng Ngãi', N'0369521367', N'D02-305')
INSERT [dbo].[SinhVien] ([MaSV], [CMND], [HoTen], [GioiTinh], [NgaySinh], [DiaChi], [DienThoai], [MaPhong]) VALUES (N'20145154', N'100011001', N'Dương Minh Hiếu', N'Nam', CAST(N'2002-08-13' AS Date), N'Đồng Nai', N'0658945215', N'D01-305')
INSERT [dbo].[SinhVien] ([MaSV], [CMND], [HoTen], [GioiTinh], [NgaySinh], [DiaChi], [DienThoai], [MaPhong]) VALUES (N'20145637', N'100010001', N'Nguyễn Duy Minh Trí  ', N'Nam', CAST(N'2002-02-06' AS Date), N'Đồng Nai', N'0698754125', N'D01-301')
INSERT [dbo].[SinhVien] ([MaSV], [CMND], [HoTen], [GioiTinh], [NgaySinh], [DiaChi], [DienThoai], [MaPhong]) VALUES (N'20147049', N'100001001', N'Nguyễn Đình Tân', N'Nam', CAST(N'2001-10-09' AS Date), N'Bình Phước', N'0569874125', N'D01-302')
INSERT [dbo].[SinhVien] ([MaSV], [CMND], [HoTen], [GioiTinh], [NgaySinh], [DiaChi], [DienThoai], [MaPhong]) VALUES (N'20147053', N'100001111', N'Nguyễn Đình Quốc ', N'Nam', CAST(N'2002-07-16' AS Date), N'TP.Hồ Chí Minh', N'0965806412', N'D01-305')
INSERT [dbo].[SinhVien] ([MaSV], [CMND], [HoTen], [GioiTinh], [NgaySinh], [DiaChi], [DienThoai], [MaPhong]) VALUES (N'20147149', N'100000111', N'Nguyễn Tiến Dũng', N'Nam', CAST(N'2002-03-20' AS Date), N'Nghệ An', N'0956846134', N'D01-301')
INSERT [dbo].[SinhVien] ([MaSV], [CMND], [HoTen], [GioiTinh], [NgaySinh], [DiaChi], [DienThoai], [MaPhong]) VALUES (N'20147201', N'100001011', N'Dương Minh Nhựt', N'Nam', CAST(N'2021-12-30' AS Date), N'Gia Lai', N'0965823546', N'D01-303')
INSERT [dbo].[SinhVien] ([MaSV], [CMND], [HoTen], [GioiTinh], [NgaySinh], [DiaChi], [DienThoai], [MaPhong]) VALUES (N'20147205', N'100010011', N'Đỗ Doãn Phương ', N'Nam', CAST(N'2002-07-25' AS Date), N'Đà Nẵng', N'0654785214', N'D01-302')
INSERT [dbo].[SinhVien] ([MaSV], [CMND], [HoTen], [GioiTinh], [NgaySinh], [DiaChi], [DienThoai], [MaPhong]) VALUES (N'20147228', N'100001101', N'Đoàn Anh Tuấn      ', N'Nam', CAST(N'2002-07-16' AS Date), N'Quảng Ngãi', N'0569875324', N'D01-304')
INSERT [dbo].[SinhVien] ([MaSV], [CMND], [HoTen], [GioiTinh], [NgaySinh], [DiaChi], [DienThoai], [MaPhong]) VALUES (N'20151369', N'100110001', N'Lê Thị Hạnh', N'Nữ', CAST(N'2002-02-26' AS Date), N'Đà Lạt', N'0695845632', N'D02-305')
GO

SET IDENTITY_INSERT [dbo].[HopDong_SV] ON
INSERT [dbo].[HopDong_SV] ([MaHD], [NgayBatDau], [NgayKetThuc], [NgayLap], [ThanhTien], [MaSV]) VALUES (1, CAST(N'2019-05-05' AS Date), CAST(N'2025-05-05' AS Date), CAST(N'2019-04-04' AS Date), 4000000, N'19110276')
INSERT [dbo].[HopDong_SV] ([MaHD], [NgayBatDau], [NgayKetThuc], [NgayLap], [ThanhTien], [MaSV]) VALUES (2, CAST(N'2019-05-05' AS Date), CAST(N'2025-05-05' AS Date), CAST(N'2019-04-04' AS Date), 4000000, N'19110031')
INSERT [dbo].[HopDong_SV] ([MaHD], [NgayBatDau], [NgayKetThuc], [NgayLap], [ThanhTien], [MaSV]) VALUES (3, CAST(N'2019-05-05' AS Date), CAST(N'2025-05-05' AS Date), CAST(N'2019-04-04' AS Date), 4000000, N'19110220')
INSERT [dbo].[HopDong_SV] ([MaHD], [NgayBatDau], [NgayKetThuc], [NgayLap], [ThanhTien], [MaSV]) VALUES (4, CAST(N'2019-05-05' AS Date), CAST(N'2025-05-05' AS Date), CAST(N'2019-04-04' AS Date), 4000000, N'19110255')
INSERT [dbo].[HopDong_SV] ([MaHD], [NgayBatDau], [NgayKetThuc], [NgayLap], [ThanhTien], [MaSV]) VALUES (5, CAST(N'2021-05-18' AS Date), CAST(N'2023-05-18' AS Date), CAST(N'2021-05-18' AS Date), 2000000, N'19119122')
INSERT [dbo].[HopDong_SV] ([MaHD], [NgayBatDau], [NgayKetThuc], [NgayLap], [ThanhTien], [MaSV]) VALUES (6, CAST(N'2021-05-18' AS Date), CAST(N'2024-05-18' AS Date), CAST(N'2021-05-18' AS Date), 3000000, N'20147149')
INSERT [dbo].[HopDong_SV] ([MaHD], [NgayBatDau], [NgayKetThuc], [NgayLap], [ThanhTien], [MaSV]) VALUES (7, CAST(N'2021-05-18' AS Date), CAST(N'2024-05-18' AS Date), CAST(N'2021-05-18' AS Date), 3000000, N'20147049')
INSERT [dbo].[HopDong_SV] ([MaHD], [NgayBatDau], [NgayKetThuc], [NgayLap], [ThanhTien], [MaSV]) VALUES (8, CAST(N'2021-05-18' AS Date), CAST(N'2024-05-18' AS Date), CAST(N'2021-05-18' AS Date), 3000000, N'20147201')
INSERT [dbo].[HopDong_SV] ([MaHD], [NgayBatDau], [NgayKetThuc], [NgayLap], [ThanhTien], [MaSV]) VALUES (9, CAST(N'2021-05-18' AS Date), CAST(N'2024-05-18' AS Date), CAST(N'2021-05-18' AS Date), 3000000, N'20147228')
INSERT [dbo].[HopDong_SV] ([MaHD], [NgayBatDau], [NgayKetThuc], [NgayLap], [ThanhTien], [MaSV]) VALUES (10, CAST(N'2021-05-18' AS Date), CAST(N'2002-05-18' AS Date), CAST(N'2021-05-18' AS Date), 3000000, N'20147053')
INSERT [dbo].[HopDong_SV] ([MaHD], [NgayBatDau], [NgayKetThuc], [NgayLap], [ThanhTien], [MaSV]) VALUES (11, CAST(N'2021-05-18' AS Date), CAST(N'2024-05-18' AS Date), CAST(N'2021-05-18' AS Date), 3000000, N'20145637')
INSERT [dbo].[HopDong_SV] ([MaHD], [NgayBatDau], [NgayKetThuc], [NgayLap], [ThanhTien], [MaSV]) VALUES (12, CAST(N'2021-05-18' AS Date), CAST(N'2021-05-18' AS Date), CAST(N'2021-05-18' AS Date), 3000000, N'20147205')
INSERT [dbo].[HopDong_SV] ([MaHD], [NgayBatDau], [NgayKetThuc], [NgayLap], [ThanhTien], [MaSV]) VALUES (14, CAST(N'2021-05-18' AS Date), CAST(N'2024-05-18' AS Date), CAST(N'2021-05-18' AS Date), 3000000, N'17119115')
INSERT [dbo].[HopDong_SV] ([MaHD], [NgayBatDau], [NgayKetThuc], [NgayLap], [ThanhTien], [MaSV]) VALUES (15, CAST(N'2021-05-18' AS Date), CAST(N'2024-05-18' AS Date), CAST(N'2021-05-18' AS Date), 3000000, N'20145154')
INSERT [dbo].[HopDong_SV] ([MaHD], [NgayBatDau], [NgayKetThuc], [NgayLap], [ThanhTien], [MaSV]) VALUES (16, CAST(N'2021-05-18' AS Date), CAST(N'2022-05-18' AS Date), CAST(N'2021-05-18' AS Date), 1000000, N'18147153')
INSERT [dbo].[HopDong_SV] ([MaHD], [NgayBatDau], [NgayKetThuc], [NgayLap], [ThanhTien], [MaSV]) VALUES (17, CAST(N'2021-05-18' AS Date), CAST(N'2022-05-18' AS Date), CAST(N'2021-05-18' AS Date), 1000000, N'17145156')
INSERT [dbo].[HopDong_SV] ([MaHD], [NgayBatDau], [NgayKetThuc], [NgayLap], [ThanhTien], [MaSV]) VALUES (18, CAST(N'2021-05-18' AS Date), CAST(N'2023-05-18' AS Date), CAST(N'2021-05-18' AS Date), 3000000, N'19151317')
INSERT [dbo].[HopDong_SV] ([MaHD], [NgayBatDau], [NgayKetThuc], [NgayLap], [ThanhTien], [MaSV]) VALUES (19, CAST(N'2021-05-18' AS Date), CAST(N'2023-05-18' AS Date), CAST(N'2021-05-18' AS Date), 3000000, N'19154034')
INSERT [dbo].[HopDong_SV] ([MaHD], [NgayBatDau], [NgayKetThuc], [NgayLap], [ThanhTien], [MaSV]) VALUES (20, CAST(N'2021-05-18' AS Date), CAST(N'2022-05-18' AS Date), CAST(N'2021-05-18' AS Date), 1000000, N'18125365')
INSERT [dbo].[HopDong_SV] ([MaHD], [NgayBatDau], [NgayKetThuc], [NgayLap], [ThanhTien], [MaSV]) VALUES (21, CAST(N'2021-05-18' AS Date), CAST(N'2022-06-18' AS Date), CAST(N'2021-05-18' AS Date), 1000000, N'18151365')
INSERT [dbo].[HopDong_SV] ([MaHD], [NgayBatDau], [NgayKetThuc], [NgayLap], [ThanhTien], [MaSV]) VALUES (22, CAST(N'2021-05-18' AS Date), CAST(N'2023-05-18' AS Date), CAST(N'2021-05-18' AS Date), 2000000, N'19125124')
INSERT [dbo].[HopDong_SV] ([MaHD], [NgayBatDau], [NgayKetThuc], [NgayLap], [ThanhTien], [MaSV]) VALUES (23, CAST(N'2021-05-18' AS Date), CAST(N'2023-05-18' AS Date), CAST(N'2021-05-18' AS Date), 2000000, N'19151216')
INSERT [dbo].[HopDong_SV] ([MaHD], [NgayBatDau], [NgayKetThuc], [NgayLap], [ThanhTien], [MaSV]) VALUES (24, CAST(N'2021-05-18' AS Date), CAST(N'2023-05-18' AS Date), CAST(N'2021-05-18' AS Date), 2000000, N'19125123')
INSERT [dbo].[HopDong_SV] ([MaHD], [NgayBatDau], [NgayKetThuc], [NgayLap], [ThanhTien], [MaSV]) VALUES (25, CAST(N'2021-05-18' AS Date), CAST(N'2023-05-18' AS Date), CAST(N'2021-05-18' AS Date), 2000000, N'19147563')
INSERT [dbo].[HopDong_SV] ([MaHD], [NgayBatDau], [NgayKetThuc], [NgayLap], [ThanhTien], [MaSV]) VALUES (26, CAST(N'2021-05-18' AS Date), CAST(N'2022-05-18' AS Date), CAST(N'2021-05-18' AS Date), 1000000, N'18109156')
INSERT [dbo].[HopDong_SV] ([MaHD], [NgayBatDau], [NgayKetThuc], [NgayLap], [ThanhTien], [MaSV]) VALUES (27, CAST(N'2021-05-18' AS Date), CAST(N'2024-05-18' AS Date), CAST(N'2021-05-18' AS Date), 3000000, N'20109145')
INSERT [dbo].[HopDong_SV] ([MaHD], [NgayBatDau], [NgayKetThuc], [NgayLap], [ThanhTien], [MaSV]) VALUES (28, CAST(N'2021-05-18' AS Date), CAST(N'2024-05-18' AS Date), CAST(N'2021-05-18' AS Date), 3000000, N'20151369')
INSERT [dbo].[HopDong_SV] ([MaHD], [NgayBatDau], [NgayKetThuc], [NgayLap], [ThanhTien], [MaSV]) VALUES (29, CAST(N'2021-05-18' AS Date), CAST(N'2024-05-18' AS Date), CAST(N'2021-05-18' AS Date), 3000000, N'20110115')
INSERT [dbo].[HopDong_SV] ([MaHD], [NgayBatDau], [NgayKetThuc], [NgayLap], [ThanhTien], [MaSV]) VALUES (30, CAST(N'2021-05-18' AS Date), CAST(N'2022-05-18' AS Date), CAST(N'2021-05-18' AS Date), 1000000, N'18116102')
INSERT [dbo].[HopDong_SV] ([MaHD], [NgayBatDau], [NgayKetThuc], [NgayLap], [ThanhTien], [MaSV]) VALUES (31, CAST(N'2021-05-18' AS Date), CAST(N'2022-05-18' AS Date), CAST(N'2021-05-18' AS Date), 1000000, N'18124159')
INSERT [dbo].[HopDong_SV] ([MaHD], [NgayBatDau], [NgayKetThuc], [NgayLap], [ThanhTien], [MaSV]) VALUES (32, CAST(N'2021-05-18' AS Date), CAST(N'2024-05-18' AS Date), CAST(N'2021-05-18' AS Date), 3000000, N'20145138')
INSERT [dbo].[HopDong_SV] ([MaHD], [NgayBatDau], [NgayKetThuc], [NgayLap], [ThanhTien], [MaSV]) VALUES (33, CAST(N'2021-05-18' AS Date), CAST(N'2024-05-18' AS Date), CAST(N'2021-05-18' AS Date), 3000000, N'20125140')
INSERT [dbo].[HopDong_SV] ([MaHD], [NgayBatDau], [NgayKetThuc], [NgayLap], [ThanhTien], [MaSV]) VALUES (34, CAST(N'2021-05-18' AS Date), CAST(N'2023-05-18' AS Date), CAST(N'2021-05-18' AS Date), 2000000, N'19109112')
INSERT [dbo].[HopDong_SV] ([MaHD], [NgayBatDau], [NgayKetThuc], [NgayLap], [ThanhTien], [MaSV]) VALUES (35, CAST(N'2021-05-18' AS Date), CAST(N'2023-05-18' AS Date), CAST(N'2021-05-18' AS Date), 2000000, N'19106150')
INSERT [dbo].[HopDong_SV] ([MaHD], [NgayBatDau], [NgayKetThuc], [NgayLap], [ThanhTien], [MaSV]) VALUES (36, CAST(N'2021-05-18' AS Date), CAST(N'2023-05-18' AS Date), CAST(N'2021-05-18' AS Date), 2000000, N'19116111')
INSERT [dbo].[HopDong_SV] ([MaHD], [NgayBatDau], [NgayKetThuc], [NgayLap], [ThanhTien], [MaSV]) VALUES (37, CAST(N'2021-05-18' AS Date), CAST(N'2024-05-18' AS Date), CAST(N'2021-05-18' AS Date), 3000000, N'20116200')
INSERT [dbo].[HopDong_SV] ([MaHD], [NgayBatDau], [NgayKetThuc], [NgayLap], [ThanhTien], [MaSV]) VALUES (38, CAST(N'2021-05-18' AS Date), CAST(N'2024-05-18' AS Date), CAST(N'2021-05-18' AS Date), 3000000, N'20125115')
INSERT [dbo].[HopDong_SV] ([MaHD], [NgayBatDau], [NgayKetThuc], [NgayLap], [ThanhTien], [MaSV]) VALUES (39, CAST(N'2021-05-18' AS Date), CAST(N'2024-05-18' AS Date), CAST(N'2021-05-18' AS Date), 3000000, N'20124222')
SET IDENTITY_INSERT [dbo].[HopDong_SV] OFF
GO

INSERT [dbo].[ThanNhan] ([CMND], [HoTen], [GioiTinh], [QuanHeVoiSV], [DiaChi], [DienThoai], [MaSV]) VALUES (N'100001000', N'Nguyễn Văn Ba', N'Nam', N'Cha của sinh viên', N'Nghệ An', N'0236589465', N'20147149')
INSERT [dbo].[ThanNhan] ([CMND], [HoTen], [GioiTinh], [QuanHeVoiSV], [DiaChi], [DienThoai], [MaSV]) VALUES (N'100001010', N'Nguyễn Thị Bé', N'Nữ', N'Mẹ của sinh viên', N'Bình Phước', N'0987542364', N'20147049')
INSERT [dbo].[ThanNhan] ([CMND], [HoTen], [GioiTinh], [QuanHeVoiSV], [DiaChi], [DienThoai], [MaSV]) VALUES (N'100001100', N'Dương Minh Hiếu', N'Nam', N'Cha của sinh viên', N'Gia Lai', N'0365896542', N'20147201')
INSERT [dbo].[ThanNhan] ([CMND], [HoTen], [GioiTinh], [QuanHeVoiSV], [DiaChi], [DienThoai], [MaSV]) VALUES (N'100001110', N'Đoàn Minh Đức', N'Nam', N'Cha của sinh viên', N'Quảng Ngãi', N'0698564216', N'20147228')
INSERT [dbo].[ThanNhan] ([CMND], [HoTen], [GioiTinh], [QuanHeVoiSV], [DiaChi], [DienThoai], [MaSV]) VALUES (N'100010000', N'Nguyễn Đình Triêm', N'Nam', N'Cha của sinh viên', N'TP.Hồ Chí Minh', N'0658975423', N'20147053')
INSERT [dbo].[ThanNhan] ([CMND], [HoTen], [GioiTinh], [QuanHeVoiSV], [DiaChi], [DienThoai], [MaSV]) VALUES (N'100010010', N'Nguyễn Thành Lanh', N'Nam', N'Cha của sinh viên', N'Đồng Nai', N'0369875412', N'20145637')
INSERT [dbo].[ThanNhan] ([CMND], [HoTen], [GioiTinh], [QuanHeVoiSV], [DiaChi], [DienThoai], [MaSV]) VALUES (N'100010100', N'Đỗ Văn Quốc', N'Nam', N'Cha của sinh viên', N'Đà Nẵng', N'0369852147', N'20147205')
INSERT [dbo].[ThanNhan] ([CMND], [HoTen], [GioiTinh], [QuanHeVoiSV], [DiaChi], [DienThoai], [MaSV]) VALUES (N'100010110', N'Dương Văn Công', N'Nam', N'Cha của sinh viên', N'Đà Lạt', N'0369586542', N'18147153')
INSERT [dbo].[ThanNhan] ([CMND], [HoTen], [GioiTinh], [QuanHeVoiSV], [DiaChi], [DienThoai], [MaSV]) VALUES (N'100011000', N'Nguyễn Thành Công', N'Nam', N'Cha của sinh viên', N'Đà Lạt', N'0369658423', N'17119115')
INSERT [dbo].[ThanNhan] ([CMND], [HoTen], [GioiTinh], [QuanHeVoiSV], [DiaChi], [DienThoai], [MaSV]) VALUES (N'100011010', N'Dương Văn Hồ', N'Nam', N'Cha của sinh viên', N'Đồng Nai', N'0369658961', N'20145154')
INSERT [dbo].[ThanNhan] ([CMND], [HoTen], [GioiTinh], [QuanHeVoiSV], [DiaChi], [DienThoai], [MaSV]) VALUES (N'100011100', N'Trần Thị Thu', N'Nữ', N'Mẹ của sinh viên', N'Quảng Ngãi', N'0365256369', N'17145156')
INSERT [dbo].[ThanNhan] ([CMND], [HoTen], [GioiTinh], [QuanHeVoiSV], [DiaChi], [DienThoai], [MaSV]) VALUES (N'100011110', N'Dương Thái Hưng', N'Nam', N'Cha của sinh viên', N'Đồng Nai', N'0365254697', N'19151317')
INSERT [dbo].[ThanNhan] ([CMND], [HoTen], [GioiTinh], [QuanHeVoiSV], [DiaChi], [DienThoai], [MaSV]) VALUES (N'100100000', N'Nguyễn Thị Kim Loan', N'Nữ', N'Mẹ của sinh viên', N'Đồng Nai', N'0365214569', N'19154034')
INSERT [dbo].[ThanNhan] ([CMND], [HoTen], [GioiTinh], [QuanHeVoiSV], [DiaChi], [DienThoai], [MaSV]) VALUES (N'100100010', N'Nguyễn Văn Phong', N'Nam', N'Cha của sinh viên', N'Vũng tàu', N'0369587456', N'18125365')
INSERT [dbo].[ThanNhan] ([CMND], [HoTen], [GioiTinh], [QuanHeVoiSV], [DiaChi], [DienThoai], [MaSV]) VALUES (N'100100100', N'Võ Lâm', N'Nam', N'Cha của sinh viên', N'Lâm Đồng', N'0365254698', N'18151365')
INSERT [dbo].[ThanNhan] ([CMND], [HoTen], [GioiTinh], [QuanHeVoiSV], [DiaChi], [DienThoai], [MaSV]) VALUES (N'100100110', N'Phan Hoàn', N'Nam', N'Cha của sinh viên', N'Đồng Nai', N'0965478523', N'19125124')
INSERT [dbo].[ThanNhan] ([CMND], [HoTen], [GioiTinh], [QuanHeVoiSV], [DiaChi], [DienThoai], [MaSV]) VALUES (N'100101000', N'Trần Văn Chí', N'Nam', N'Cha của sinh viên', N'Bình Thuận', N'0325632541', N'19151216')
INSERT [dbo].[ThanNhan] ([CMND], [HoTen], [GioiTinh], [QuanHeVoiSV], [DiaChi], [DienThoai], [MaSV]) VALUES (N'100101010', N'Nguyễn Văn Sử', N'Nam', N'Cha của sinh viên', N'Đồng Nai', N'0365214789', N'19125123')
INSERT [dbo].[ThanNhan] ([CMND], [HoTen], [GioiTinh], [QuanHeVoiSV], [DiaChi], [DienThoai], [MaSV]) VALUES (N'100101100', N'Nguyễn Văn Chiến', N'Nam', N'Cha của sinh viên', N'Vũng Tàu', N'0326565986', N'19147563')
INSERT [dbo].[ThanNhan] ([CMND], [HoTen], [GioiTinh], [QuanHeVoiSV], [DiaChi], [DienThoai], [MaSV]) VALUES (N'100101110', N'Trần Văn Sĩ', N'Nam', N'Cha của sinh viên', N'Bình Thuận', N'0356996587', N'18109156')
INSERT [dbo].[ThanNhan] ([CMND], [HoTen], [GioiTinh], [QuanHeVoiSV], [DiaChi], [DienThoai], [MaSV]) VALUES (N'100110000', N'Lê Trần Minh Trí', N'Nam', N'Cha của sinh viên', N'Vũng Tàu', N'096583265', N'20109145')
INSERT [dbo].[ThanNhan] ([CMND], [HoTen], [GioiTinh], [QuanHeVoiSV], [DiaChi], [DienThoai], [MaSV]) VALUES (N'100110010', N'Lê Thị Lan', N'Nữ', N'Mẹ của sinh viên', N'Đà Lạt', N'0986585632', N'20151369')
INSERT [dbo].[ThanNhan] ([CMND], [HoTen], [GioiTinh], [QuanHeVoiSV], [DiaChi], [DienThoai], [MaSV]) VALUES (N'100110100', N'Nguyễn Thành Lâm', N'Nam', N'Cha sinh viên', N'Nghệ An', N'0163654623', N'20110115')
INSERT [dbo].[ThanNhan] ([CMND], [HoTen], [GioiTinh], [QuanHeVoiSV], [DiaChi], [DienThoai], [MaSV]) VALUES (N'100110110', N'Nguyễn Văn Tài', N'Nam', N'Cha của sinh viên', N'Đồng Nai', N'0965845213', N'18116102')
INSERT [dbo].[ThanNhan] ([CMND], [HoTen], [GioiTinh], [QuanHeVoiSV], [DiaChi], [DienThoai], [MaSV]) VALUES (N'100110111', N'Trần Thị Thu', N'Nữ', N'Mẹ của sinh viên', N'Nghệ An', N'0635236593', N'18124159')
INSERT [dbo].[ThanNhan] ([CMND], [HoTen], [GioiTinh], [QuanHeVoiSV], [DiaChi], [DienThoai], [MaSV]) VALUES (N'100111010', N'Đỗ Văn Sơn', N'Nam', N'Cha của sinh viên', N'Quãng Ngãi', N'0354126965', N'20145138')
INSERT [dbo].[ThanNhan] ([CMND], [HoTen], [GioiTinh], [QuanHeVoiSV], [DiaChi], [DienThoai], [MaSV]) VALUES (N'100111100', N'Nguyễn Văn Đức', N'Nam', N'Cha của sinh viên', N'Đồng Nai', N'0965832654', N'20125140')
INSERT [dbo].[ThanNhan] ([CMND], [HoTen], [GioiTinh], [QuanHeVoiSV], [DiaChi], [DienThoai], [MaSV]) VALUES (N'100111110', N'Nguyễn Đức Huy', N'Nam', N'Cha của sinh viên', N'Bình Phước', N'0635624178', N'19109112')
INSERT [dbo].[ThanNhan] ([CMND], [HoTen], [GioiTinh], [QuanHeVoiSV], [DiaChi], [DienThoai], [MaSV]) VALUES (N'101000000', N'Lê Thị hạnh', N'Nữ', N'Mẹ của sinh viên', N'Nghệ An', N'0965894123', N'19106150')
INSERT [dbo].[ThanNhan] ([CMND], [HoTen], [GioiTinh], [QuanHeVoiSV], [DiaChi], [DienThoai], [MaSV]) VALUES (N'101000100', N'Nguyễn Văn Cao', N'Nam', N'Cha của sinh viên', N'Gia Lai', N'0163564562', N'19116111')
INSERT [dbo].[ThanNhan] ([CMND], [HoTen], [GioiTinh], [QuanHeVoiSV], [DiaChi], [DienThoai], [MaSV]) VALUES (N'101000110', N'Lê Văn Đoan', N'Nam', N'Cha của sinh viên', N'Quãng Ngãi', N'0365914523', N'20116200')
INSERT [dbo].[ThanNhan] ([CMND], [HoTen], [GioiTinh], [QuanHeVoiSV], [DiaChi], [DienThoai], [MaSV]) VALUES (N'101001000', N'Lê Quốc Việt', N'Nam', N'Cha của sinh viên', N'TP.Hồ Chí Minh', N'0365421129', N'20125115')
INSERT [dbo].[ThanNhan] ([CMND], [HoTen], [GioiTinh], [QuanHeVoiSV], [DiaChi], [DienThoai], [MaSV]) VALUES (N'101001010', N'Hoàng Hà', N'Nữ', N'Mẹ của sinh viên', N'Lâm Đồng', N'0163265217', N'20124222')
INSERT [dbo].[ThanNhan] ([CMND], [HoTen], [GioiTinh], [QuanHeVoiSV], [DiaChi], [DienThoai], [MaSV]) VALUES (N'123456786', N'Ba của Hưng', N'Nam', N'Cha của sinh viên', N'Lâm Đồng', N'0369857852', N'19110220')
INSERT [dbo].[ThanNhan] ([CMND], [HoTen], [GioiTinh], [QuanHeVoiSV], [DiaChi], [DienThoai], [MaSV]) VALUES (N'123456787', N'Ba của M Nhật', N'Nam', N'Cha của sinh viên', N'Kon Tum', N'0369857854', N'19110255')
INSERT [dbo].[ThanNhan] ([CMND], [HoTen], [GioiTinh], [QuanHeVoiSV], [DiaChi], [DienThoai], [MaSV]) VALUES (N'123456788', N'Ba của H Nhật', N'Nam', N'Cha của sinh viên', N'Bình Định', N'0328296555', N'19110031')
INSERT [dbo].[ThanNhan] ([CMND], [HoTen], [GioiTinh], [QuanHeVoiSV], [DiaChi], [DienThoai], [MaSV]) VALUES (N'123456789', N'Ba của Sang', N'Nam', N'Cha của sinh viên', N'Phú Yên', N'0322145623', N'19110276')
INSERT [dbo].[ThanNhan] ([CMND], [HoTen], [GioiTinh], [QuanHeVoiSV], [DiaChi], [DienThoai], [MaSV]) VALUES (N'125364864', N'Ba của Quân', N'Nam', N'Cha của sinh viên', N'Đồng Nai', N'0908716681', N'19119122')
GO

SET IDENTITY_INSERT [dbo].[KhenThuong_KyLuat] ON 
INSERT [dbo].[KhenThuong_KyLuat] ([MaKTKL], [HinhThuc], [MoTa], [NgayTao], [MaSV]) VALUES (1, N'Khen Thưởng', N'Nhận 50 triệu VND', CAST(N'2021-06-06' AS Date), N'19110276')
INSERT [dbo].[KhenThuong_KyLuat] ([MaKTKL], [HinhThuc], [MoTa], [NgayTao], [MaSV]) VALUES (2, N'Khen Thưởng', N'Nhận 30 triệu VND', CAST(N'2021-09-09' AS Date), N'19110031')
INSERT [dbo].[KhenThuong_KyLuat] ([MaKTKL], [HinhThuc], [MoTa], [NgayTao], [MaSV]) VALUES (3, N'Khen Thưởng', N'Nhận 3 triệu VND', CAST(N'2021-05-19' AS Date), N'19110255')
INSERT [dbo].[KhenThuong_KyLuat] ([MaKTKL], [HinhThuc], [MoTa], [NgayTao], [MaSV]) VALUES (4, N'Khen Thưởng', N'Giấy khen thưởng', CAST(N'2021-05-19' AS Date), N'19110220')
SET IDENTITY_INSERT [dbo].[KhenThuong_KyLuat] OFF
GO

SET IDENTITY_INSERT [dbo].[HoaDonDienNuoc] ON
INSERT [dbo].[HoaDonDienNuoc] ([MaHoaDon], [SoDien], [SoNuoc], [ThanhTien], [NgayLap], [TrangThai], [MaPhong]) VALUES (1, 5, 180, 200000, CAST(N'2021-09-09' AS Date), N'Đã Thanh Toán', N'D01-101')
INSERT [dbo].[HoaDonDienNuoc] ([MaHoaDon], [SoDien], [SoNuoc], [ThanhTien], [NgayLap], [TrangThai], [MaPhong]) VALUES (3, 4.5, 160, 250000, CAST(N'2021-09-09' AS Date), N'Đã Thanh Toán', N'D01-102')
INSERT [dbo].[HoaDonDienNuoc] ([MaHoaDon], [SoDien], [SoNuoc], [ThanhTien], [NgayLap], [TrangThai], [MaPhong]) VALUES (4, 4.5, 170, 260000, CAST(N'2021-09-09' AS Date), N'Đã Thanh Toán', N'D01-103')
INSERT [dbo].[HoaDonDienNuoc] ([MaHoaDon], [SoDien], [SoNuoc], [ThanhTien], [NgayLap], [TrangThai], [MaPhong]) VALUES (5, 3, 160, 190000, CAST(N'2021-09-09' AS Date), N'Đã Thanh Toán', N'D01-104')
INSERT [dbo].[HoaDonDienNuoc] ([MaHoaDon], [SoDien], [SoNuoc], [ThanhTien], [NgayLap], [TrangThai], [MaPhong]) VALUES (6, 6, 200, 350000, CAST(N'2021-09-09' AS Date), N'Đã Thanh Toán', N'D01-105')
SET IDENTITY_INSERT [dbo].[HoaDonDienNuoc] OFF
GO

SET IDENTITY_INSERT [dbo].[ChucVu] ON
INSERT [dbo].[ChucVu] ([MaChucVu], [TenChucVu]) VALUES (1, N'Trưởng tòa')
INSERT [dbo].[ChucVu] ([MaChucVu], [TenChucVu]) VALUES (2, N'Bảo vệ')
INSERT [dbo].[ChucVu] ([MaChucVu], [TenChucVu]) VALUES (3, N'Lao công')
SET IDENTITY_INSERT [dbo].[ChucVu] OFF
GO

SET IDENTITY_INSERT [dbo].[NhanVien] ON 
INSERT [dbo].[NhanVien] ([MaNV], [HoTen], [NgaySinh], [DiaChi], [DienThoai], [TenToa], [MaChucVu]) VALUES (1, N'Phan Thanh A', CAST(N'1980-07-17' AS Date), N'Hồ Chí Minh', N'0965369999', N'D01', 1)
INSERT [dbo].[NhanVien] ([MaNV], [HoTen], [NgaySinh], [DiaChi], [DienThoai], [TenToa], [MaChucVu]) VALUES (2, N'Nguyễn Văn B', CAST(N'1990-04-01' AS Date), N'Bình Định', N'0856985645', N'D01', 2)
INSERT [dbo].[NhanVien] ([MaNV], [HoTen], [NgaySinh], [DiaChi], [DienThoai], [TenToa], [MaChucVu]) VALUES (3, N'Trần Thanh C', CAST(N'1995-09-08' AS Date), N'Tiền Giang', N'0965865478', N'D01', 3)
INSERT [dbo].[NhanVien] ([MaNV], [HoTen], [NgaySinh], [DiaChi], [DienThoai], [TenToa], [MaChucVu]) VALUES (4, N'Trần Thị E', CAST(N'1987-09-08' AS Date), N'Tiền Giang', N'0965865478', N'D01', 3)
INSERT [dbo].[NhanVien] ([MaNV], [HoTen], [NgaySinh], [DiaChi], [DienThoai], [TenToa], [MaChucVu]) VALUES (5, N'Văn Trần K', CAST(N'1990-05-04' AS Date), N'Hồ Chí Minh', N'0965854785', N'D01', 2)
SET IDENTITY_INSERT [dbo].[NhanVien] OFF
GO

SET IDENTITY_INSERT [dbo].[HopDong_NV] ON
INSERT [dbo].[HopDong_NV] ([MaHD], [NgayBatDau], [NgayKetThuc], [NgayLap], [LuongThang], [MaNV]) VALUES (1, CAST(N'2010-09-19' AS Date), CAST(N'2020-09-19' AS Date), CAST(N'2010-08-18' AS Date), 1000000000, 1)
INSERT [dbo].[HopDong_NV] ([MaHD], [NgayBatDau], [NgayKetThuc], [NgayLap], [LuongThang], [MaNV]) VALUES (2, CAST(N'2011-09-19' AS Date), CAST(N'2020-09-19' AS Date), CAST(N'2010-08-18' AS Date), 2000000, 2)
INSERT [dbo].[HopDong_NV] ([MaHD], [NgayBatDau], [NgayKetThuc], [NgayLap], [LuongThang], [MaNV]) VALUES (3, CAST(N'2012-09-19' AS Date), CAST(N'2020-09-19' AS Date), CAST(N'2010-08-18' AS Date), 1000000000, 3)
INSERT [dbo].[HopDong_NV] ([MaHD], [NgayBatDau], [NgayKetThuc], [NgayLap], [LuongThang], [MaNV]) VALUES (4, CAST(N'2010-09-19' AS Date), CAST(N'2020-09-19' AS Date), CAST(N'2010-08-18' AS Date), 1000000000, 4)
INSERT [dbo].[HopDong_NV] ([MaHD], [NgayBatDau], [NgayKetThuc], [NgayLap], [LuongThang], [MaNV]) VALUES (5, CAST(N'2011-09-19' AS Date), CAST(N'2020-09-19' AS Date), CAST(N'2010-08-18' AS Date), 2000000, 5)
SET IDENTITY_INSERT [dbo].[HopDong_NV] OFF
GO


-- Tai Khoan

SET IDENTITY_INSERT [dbo].[LoaiQuyen] ON
INSERT [dbo].[LoaiQuyen] ([IDLoaiQuyen], [TenQuyen], [MoTa]) VALUES (1, N'Ban Quản Lý', N'Ban Quản lý KTX')
INSERT [dbo].[LoaiQuyen] ([IDLoaiQuyen], [TenQuyen], [MoTa]) VALUES (2, N'Trưởng Tòa', N'Trưởng tòa trong KTX')
SET IDENTITY_INSERT [dbo].[LoaiQuyen] OFF
GO

INSERT [dbo].[TaiKhoan] ([TenTaiKhoan], [MatKhau], [IDLoaiQuyen]) VALUES (N'admin', N'admin', 1)
INSERT [dbo].[TaiKhoan] ([TenTaiKhoan], [MatKhau], [IDLoaiQuyen]) VALUES (N'banquanly', N'quanlyktx', 1)
INSERT [dbo].[TaiKhoan] ([TenTaiKhoan], [MatKhau], [IDLoaiQuyen]) VALUES (N'truongtoad01', N'matkhau', 2)
GO

ALTER SERVER ROLE [sysadmin] ADD MEMBER [admin]
GO